time_sec,q_ref_axis_e,q_ref_axis_d,q_ref_axis_c,q_ref_axis_b,qdot_ref_axis_e,qdot_ref_axis_d,qdot_ref_axis_c,qdot_ref_axis_b
0.000000,3.100000,0.700000,0.400000,2.100000,0.000000,0.000000,0.000000,0.000000
0.040000,3.100000,0.700000,0.400000,2.100000,0.000019,0.000008,0.000008,0.000008
0.080000,3.100002,0.700001,0.400001,2.100001,0.000077,0.000033,0.000033,0.000033
0.120000,3.100007,0.700003,0.400003,2.100003,0.000172,0.000074,0.000074,0.000074
0.160000,3.100016,0.700007,0.400007,2.100007,0.000303,0.000130,0.000130,0.000130
0.200000,3.100032,0.700014,0.400014,2.100014,0.000470,0.000201,0.000201,0.000201
0.240000,3.100054,0.700023,0.400023,2.100023,0.000672,0.000288,0.000288,0.000288
0.280000,3.100086,0.700037,0.400037,2.100037,0.000909,0.000390,0.000390,0.000390
0.320000,3.100127,0.700055,0.400055,2.100055,0.001179,0.000505,0.000505,0.000505
0.360000,3.100181,0.700077,0.400077,2.100077,0.001482,0.000635,0.000635,0.000635
0.400000,3.100246,0.700106,0.400106,2.100106,0.001817,0.000779,0.000779,0.000779
0.440000,3.100326,0.700140,0.400140,2.100140,0.002183,0.000936,0.000936,0.000936
0.480000,3.100422,0.700181,0.400181,2.100181,0.002580,0.001106,0.001106,0.001106
0.520000,3.100533,0.700229,0.400229,2.100229,0.003007,0.001289,0.001289,0.001289
0.560000,3.100663,0.700284,0.400284,2.100284,0.003464,0.001484,0.001484,0.001484
0.600000,3.100811,0.700347,0.400347,2.100347,0.003948,0.001692,0.001692,0.001692
0.640000,3.100979,0.700419,0.400419,2.100419,0.004461,0.001912,0.001912,0.001912
0.680000,3.101168,0.700501,0.400501,2.100501,0.005001,0.002143,0.002143,0.002143
0.720000,3.101379,0.700591,0.400591,2.100591,0.005567,0.002386,0.002386,0.002386
0.760000,3.101614,0.700692,0.400692,2.100692,0.006158,0.002639,0.002639,0.002639
0.800000,3.101872,0.700802,0.400802,2.100802,0.006775,0.002904,0.002904,0.002904
0.840000,3.102156,0.700924,0.400924,2.100924,0.007417,0.003179,0.003179,0.003179
0.880000,3.102466,0.701057,0.401057,2.101057,0.008081,0.003463,0.003463,0.003463
0.920000,3.102803,0.701201,0.401201,2.101201,0.008769,0.003758,0.003758,0.003758
0.960000,3.103168,0.701358,0.401358,2.101358,0.009480,0.004063,0.004063,0.004063
1.000000,3.103561,0.701526,0.401526,2.101526,0.010212,0.004376,0.004376,0.004376
1.040000,3.103985,0.701708,0.401708,2.101708,0.010965,0.004699,0.004699,0.004699
1.080000,3.104439,0.701902,0.401902,2.101902,0.011738,0.005031,0.005031,0.005031
1.120000,3.104924,0.702110,0.402110,2.102110,0.012532,0.005371,0.005371,0.005371
1.160000,3.105442,0.702332,0.402332,2.102332,0.013344,0.005719,0.005719,0.005719
1.200000,3.105992,0.702568,0.402568,2.102568,0.014175,0.006075,0.006075,0.006075
1.240000,3.106576,0.702818,0.402818,2.102818,0.015024,0.006439,0.006439,0.006439
1.280000,3.107194,0.703083,0.403083,2.103083,0.015890,0.006810,0.006810,0.006810
1.320000,3.107847,0.703363,0.403363,2.103363,0.016773,0.007188,0.007188,0.007188
1.360000,3.108536,0.703658,0.403658,2.103658,0.017672,0.007574,0.007574,0.007574
1.400000,3.109261,0.703969,0.403969,2.103969,0.018586,0.007965,0.007965,0.007965
1.440000,3.110023,0.704296,0.404296,2.104296,0.019515,0.008364,0.008364,0.008364
1.480000,3.110823,0.704638,0.404638,2.104638,0.020458,0.008768,0.008768,0.008768
1.520000,3.111660,0.704997,0.404997,2.104997,0.021415,0.009178,0.009178,0.009178
1.560000,3.112536,0.705373,0.405373,2.105373,0.022385,0.009594,0.009594,0.009594
1.600000,3.113451,0.705765,0.405765,2.105765,0.023368,0.010015,0.010015,0.010015
1.640000,3.114406,0.706174,0.406174,2.106174,0.024362,0.010441,0.010441,0.010441
1.680000,3.115400,0.706600,0.406600,2.106600,0.025368,0.010872,0.010872,0.010872
1.720000,3.116435,0.707044,0.407044,2.107044,0.026385,0.011308,0.011308,0.011308
1.760000,3.117511,0.707505,0.407505,2.107505,0.027412,0.011748,0.011748,0.011748
1.800000,3.118628,0.707984,0.407984,2.107984,0.028448,0.012192,0.012192,0.012192
1.840000,3.119787,0.708480,0.408480,2.108480,0.029494,0.012640,0.012640,0.012640
1.880000,3.120988,0.708995,0.408995,2.108995,0.030548,0.013092,0.013092,0.013092
1.920000,3.122231,0.709528,0.409528,2.109528,0.031611,0.013548,0.013548,0.013548
1.960000,3.123517,0.710079,0.410079,2.110079,0.032681,0.014006,0.014006,0.014006
2.000000,3.124846,0.710648,0.410648,2.110648,0.033758,0.014468,0.014468,0.014468
2.040000,3.126218,0.711236,0.411236,2.111236,0.034841,0.014932,0.014932,0.014932
2.080000,3.127633,0.711843,0.411843,2.111843,0.035930,0.015399,0.015399,0.015399
2.120000,3.129092,0.712468,0.412468,2.112468,0.037025,0.015868,0.015868,0.015868
2.160000,3.130595,0.713112,0.413112,2.113112,0.038125,0.016339,0.016339,0.016339
2.200000,3.132142,0.713775,0.413775,2.113775,0.039229,0.016813,0.016813,0.016813
2.240000,3.133734,0.714457,0.414457,2.114457,0.040337,0.017287,0.017287,0.017287
2.280000,3.135369,0.715158,0.415158,2.115158,0.041449,0.017764,0.017764,0.017764
2.320000,3.137050,0.715878,0.415878,2.115878,0.042564,0.018242,0.018242,0.018242
2.360000,3.138774,0.716618,0.416618,2.116618,0.043681,0.018720,0.018720,0.018720
2.400000,3.140544,0.717376,0.417376,2.117376,0.044800,0.019200,0.019200,0.019200
2.440000,3.142358,0.718154,0.418154,2.118154,0.045921,0.019680,0.019680,0.019680
2.480000,3.144218,0.718950,0.418950,2.118950,0.047042,0.020161,0.020161,0.020161
2.520000,3.146122,0.719766,0.419766,2.119766,0.048165,0.020642,0.020642,0.020642
2.560000,3.148071,0.720602,0.420602,2.120602,0.049288,0.021123,0.021123,0.021123
2.600000,3.150065,0.721456,0.421456,2.121456,0.050410,0.021604,0.021604,0.021604
2.640000,3.152104,0.722330,0.422330,2.122330,0.051531,0.022085,0.022085,0.022085
2.680000,3.154187,0.723223,0.423223,2.123223,0.052652,0.022565,0.022565,0.022565
2.720000,3.156316,0.724135,0.424135,2.124135,0.053771,0.023045,0.023045,0.023045
2.760000,3.158489,0.725067,0.425067,2.125067,0.054888,0.023523,0.023523,0.023523
2.800000,3.160707,0.726017,0.426017,2.126017,0.056002,0.024001,0.024001,0.024001
2.840000,3.162969,0.726987,0.426987,2.126987,0.057114,0.024477,0.024477,0.024477
2.880000,3.165276,0.727975,0.427975,2.127975,0.058222,0.024952,0.024952,0.024952
2.920000,3.167627,0.728983,0.428983,2.128983,0.059327,0.025426,0.025426,0.025426
2.960000,3.170022,0.730009,0.430009,2.130009,0.060427,0.025897,0.025897,0.025897
3.000000,3.172461,0.731055,0.431055,2.131055,0.061523,0.026367,0.026367,0.026367
3.040000,3.174944,0.732119,0.432119,2.132119,0.062615,0.026835,0.026835,0.026835
3.080000,3.177470,0.733201,0.433201,2.133201,0.063701,0.027300,0.027300,0.027300
3.120000,3.180040,0.734303,0.434303,2.134303,0.064781,0.027763,0.027763,0.027763
3.160000,3.182652,0.735422,0.435422,2.135422,0.065855,0.028224,0.028224,0.028224
3.200000,3.185308,0.736561,0.436561,2.136561,0.066923,0.028681,0.028681,0.028681
3.240000,3.188006,0.737717,0.437717,2.137717,0.067985,0.029136,0.029136,0.029136
3.280000,3.190747,0.738891,0.438891,2.138891,0.069039,0.029588,0.029588,0.029588
3.320000,3.193529,0.740084,0.440084,2.140084,0.070086,0.030037,0.030037,0.030037
3.360000,3.196353,0.741294,0.441294,2.141294,0.071124,0.030482,0.030482,0.030482
3.400000,3.199219,0.742522,0.442522,2.142522,0.072155,0.030924,0.030924,0.030924
3.440000,3.202126,0.743768,0.443768,2.143768,0.073177,0.031362,0.031362,0.031362
3.480000,3.205073,0.745031,0.445031,2.145031,0.074191,0.031796,0.031796,0.031796
3.520000,3.208061,0.746312,0.446312,2.146312,0.075195,0.032227,0.032227,0.032227
3.560000,3.211089,0.747609,0.447609,2.147609,0.076190,0.032653,0.032653,0.032653
3.600000,3.214156,0.748924,0.448924,2.148924,0.077175,0.033075,0.033075,0.033075
3.640000,3.217263,0.750255,0.450255,2.150255,0.078150,0.033493,0.033493,0.033493
3.680000,3.220408,0.751603,0.451603,2.151603,0.079114,0.033906,0.033906,0.033906
3.720000,3.223592,0.752968,0.452968,2.152968,0.080068,0.034315,0.034315,0.034315
3.760000,3.226813,0.754348,0.454348,2.154348,0.081011,0.034719,0.034719,0.034719
3.800000,3.230072,0.755745,0.455745,2.155745,0.081942,0.035118,0.035118,0.035118
3.840000,3.233368,0.757158,0.457158,2.157158,0.082862,0.035512,0.035512,0.035512
3.880000,3.236701,0.758586,0.458586,2.158586,0.083770,0.035901,0.035901,0.035901
3.920000,3.240070,0.760030,0.460030,2.160030,0.084666,0.036285,0.036285,0.036285
3.960000,3.243474,0.761489,0.461489,2.161489,0.085549,0.036664,0.036664,0.036664
4.000000,3.246914,0.762963,0.462963,2.162963,0.086420,0.037037,0.037037,0.037037
4.040000,3.250388,0.764452,0.464452,2.164452,0.087277,0.037405,0.037405,0.037405
4.080000,3.253896,0.765955,0.465955,2.165955,0.088122,0.037767,0.037767,0.037767
4.120000,3.257437,0.767473,0.467473,2.167473,0.088953,0.038123,0.038123,0.038123
4.160000,3.261012,0.769005,0.469005,2.169005,0.089770,0.038473,0.038473,0.038473
4.200000,3.264619,0.770551,0.470551,2.170551,0.090573,0.038817,0.038817,0.038817
4.240000,3.268257,0.772110,0.472110,2.172110,0.091363,0.039155,0.039155,0.039155
4.280000,3.271927,0.773683,0.473683,2.173683,0.092137,0.039487,0.039487,0.039487
4.320000,3.275628,0.775269,0.475269,2.175269,0.092897,0.039813,0.039813,0.039813
4.360000,3.279359,0.776868,0.476868,2.176868,0.093642,0.040132,0.040132,0.040132
4.400000,3.283119,0.778480,0.478480,2.178480,0.094373,0.040445,0.040445,0.040445
4.440000,3.286909,0.780104,0.480104,2.180104,0.095087,0.040752,0.040752,0.040752
4.480000,3.290726,0.781740,0.481740,2.181740,0.095787,0.041051,0.041051,0.041051
4.520000,3.294571,0.783388,0.483388,2.183388,0.096470,0.041344,0.041344,0.041344
4.560000,3.298443,0.785047,0.485047,2.185047,0.097138,0.041631,0.041631,0.041631
4.600000,3.302342,0.786718,0.486718,2.186718,0.097789,0.041910,0.041910,0.041910
4.640000,3.306266,0.788400,0.488400,2.188400,0.098425,0.042182,0.042182,0.042182
4.680000,3.310216,0.790093,0.490093,2.190093,0.099044,0.042447,0.042447,0.042447
4.720000,3.314190,0.791796,0.491796,2.191796,0.099646,0.042705,0.042705,0.042705
4.760000,3.318187,0.793509,0.493509,2.193509,0.100231,0.042956,0.042956,0.042956
4.800000,3.322208,0.795232,0.495232,2.195232,0.100800,0.043200,0.043200,0.043200
4.840000,3.326251,0.796965,0.496965,2.196965,0.101351,0.043436,0.043436,0.043436
4.880000,3.330316,0.798707,0.498707,2.198707,0.101886,0.043665,0.043665,0.043665
4.920000,3.334402,0.800458,0.500458,2.200458,0.102402,0.043887,0.043887,0.043887
4.960000,3.338508,0.802218,0.502218,2.202218,0.102902,0.044101,0.044101,0.044101
5.000000,3.342634,0.803986,0.503986,2.203986,0.103383,0.044307,0.044307,0.044307
5.040000,3.346778,0.805762,0.505762,2.205762,0.103847,0.044506,0.044506,0.044506
5.080000,3.350941,0.807546,0.507546,2.207546,0.104292,0.044697,0.044697,0.044697
5.120000,3.355121,0.809338,0.509338,2.209338,0.104720,0.044880,0.044880,0.044880
5.160000,3.359318,0.811136,0.511136,2.211136,0.105130,0.045056,0.045056,0.045056
5.200000,3.363532,0.812942,0.512942,2.212942,0.105521,0.045223,0.045223,0.045223
5.240000,3.367760,0.814754,0.514754,2.214754,0.105893,0.045383,0.045383,0.045383
5.280000,3.372003,0.816573,0.516573,2.216573,0.106248,0.045535,0.045535,0.045535
5.320000,3.376259,0.818397,0.518397,2.218397,0.106583,0.045679,0.045679,0.045679
5.360000,3.380529,0.820227,0.520227,2.220227,0.106900,0.045814,0.045814,0.045814
5.400000,3.384811,0.822062,0.522062,2.222062,0.107198,0.045942,0.045942,0.045942
5.440000,3.389105,0.823902,0.523902,2.223902,0.107478,0.046062,0.046062,0.046062
5.480000,3.393409,0.825747,0.525747,2.225747,0.107738,0.046173,0.046173,0.046173
5.520000,3.397724,0.827596,0.527596,2.227596,0.107979,0.046277,0.046277,0.046277
5.560000,3.402047,0.829449,0.529449,2.229449,0.108202,0.046372,0.046372,0.046372
5.600000,3.406379,0.831305,0.531305,2.231305,0.108405,0.046459,0.046459,0.046459
5.640000,3.410719,0.833165,0.533165,2.233165,0.108589,0.046538,0.046538,0.046538
5.680000,3.415066,0.835028,0.535028,2.235028,0.108754,0.046609,0.046609,0.046609
5.720000,3.419419,0.836894,0.536894,2.236894,0.108899,0.046671,0.046671,0.046671
5.760000,3.423778,0.838762,0.538762,2.238762,0.109025,0.046725,0.046725,0.046725
5.800000,3.428141,0.840632,0.540632,2.240632,0.109132,0.046771,0.046771,0.046771
5.840000,3.432508,0.842504,0.542504,2.242504,0.109219,0.046808,0.046808,0.046808
5.880000,3.436878,0.844376,0.544376,2.244376,0.109288,0.046838,0.046838,0.046838
5.920000,3.441251,0.846250,0.546250,2.246250,0.109336,0.046858,0.046858,0.046858
5.960000,3.445625,0.848125,0.548125,2.248125,0.109365,0.046871,0.046871,0.046871
6.000000,3.450000,0.850000,0.550000,2.250000,0.109375,0.046875,0.046875,0.046875
6.040000,3.454375,0.851875,0.551875,2.251875,0.109365,0.046871,0.046871,0.046871
6.080000,3.458749,0.853750,0.553750,2.253750,0.109336,0.046858,0.046858,0.046858
6.120000,3.463122,0.855624,0.555624,2.255624,0.109288,0.046838,0.046838,0.046838
6.160000,3.467492,0.857496,0.557496,2.257496,0.109219,0.046808,0.046808,0.046808
6.200000,3.471859,0.859368,0.559368,2.259368,0.109132,0.046771,0.046771,0.046771
6.240000,3.476222,0.861238,0.561238,2.261238,0.109025,0.046725,0.046725,0.046725
6.280000,3.480581,0.863106,0.563106,2.263106,0.108899,0.046671,0.046671,0.046671
6.320000,3.484934,0.864972,0.564972,2.264972,0.108754,0.046609,0.046609,0.046609
6.360000,3.489281,0.866835,0.566835,2.266835,0.108589,0.046538,0.046538,0.046538
6.400000,3.493621,0.868695,0.568695,2.268695,0.108405,0.046459,0.046459,0.046459
6.440000,3.497953,0.870551,0.570551,2.270551,0.108202,0.046372,0.046372,0.046372
6.480000,3.502276,0.872404,0.572404,2.272404,0.107979,0.046277,0.046277,0.046277
6.520000,3.506591,0.874253,0.574253,2.274253,0.107738,0.046173,0.046173,0.046173
6.560000,3.510895,0.876098,0.576098,2.276098,0.107478,0.046062,0.046062,0.046062
6.600000,3.515189,0.877938,0.577938,2.277938,0.107198,0.045942,0.045942,0.045942
6.640000,3.519471,0.879773,0.579773,2.279773,0.106900,0.045814,0.045814,0.045814
6.680000,3.523741,0.881603,0.581603,2.281603,0.106583,0.045679,0.045679,0.045679
6.720000,3.527997,0.883427,0.583427,2.283427,0.106248,0.045535,0.045535,0.045535
6.760000,3.532240,0.885246,0.585246,2.285246,0.105893,0.045383,0.045383,0.045383
6.800000,3.536468,0.887058,0.587058,2.287058,0.105521,0.045223,0.045223,0.045223
6.840000,3.540682,0.888864,0.588864,2.288864,0.105130,0.045056,0.045056,0.045056
6.880000,3.544879,0.890662,0.590662,2.290662,0.104720,0.044880,0.044880,0.044880
6.920000,3.549059,0.892454,0.592454,2.292454,0.104292,0.044697,0.044697,0.044697
6.960000,3.553222,0.894238,0.594238,2.294238,0.103847,0.044506,0.044506,0.044506
7.000000,3.557366,0.896014,0.596014,2.296014,0.103383,0.044307,0.044307,0.044307
7.040000,3.561492,0.897782,0.597782,2.297782,0.102902,0.044101,0.044101,0.044101
7.080000,3.565598,0.899542,0.599542,2.299542,0.102402,0.043887,0.043887,0.043887
7.120000,3.569684,0.901293,0.601293,2.301293,0.101886,0.043665,0.043665,0.043665
7.160000,3.573749,0.903035,0.603035,2.303035,0.101351,0.043436,0.043436,0.043436
7.200000,3.577792,0.904768,0.604768,2.304768,0.100800,0.043200,0.043200,0.043200
7.240000,3.581813,0.906491,0.606491,2.306491,0.100231,0.042956,0.042956,0.042956
7.280000,3.585810,0.908204,0.608204,2.308204,0.099646,0.042705,0.042705,0.042705
7.320000,3.589784,0.909907,0.609907,2.309907,0.099044,0.042447,0.042447,0.042447
7.360000,3.593734,0.911600,0.611600,2.311600,0.098425,0.042182,0.042182,0.042182
7.400000,3.597658,0.913282,0.613282,2.313282,0.097789,0.041910,0.041910,0.041910
7.440000,3.601557,0.914953,0.614953,2.314953,0.097138,0.041631,0.041631,0.041631
7.480000,3.605429,0.916612,0.616612,2.316612,0.096470,0.041344,0.041344,0.041344
7.520000,3.609274,0.918260,0.618260,2.318260,0.095787,0.041051,0.041051,0.041051
7.560000,3.613091,0.919896,0.619896,2.319896,0.095087,0.040752,0.040752,0.040752
7.600000,3.616881,0.921520,0.621520,2.321520,0.094373,0.040445,0.040445,0.040445
7.640000,3.620641,0.923132,0.623132,2.323132,0.093642,0.040132,0.040132,0.040132
7.680000,3.624372,0.924731,0.624731,2.324731,0.092897,0.039813,0.039813,0.039813
7.720000,3.628073,0.926317,0.626317,2.326317,0.092137,0.039487,0.039487,0.039487
7.760000,3.631743,0.927890,0.627890,2.327890,0.091363,0.039155,0.039155,0.039155
7.800000,3.635381,0.929449,0.629449,2.329449,0.090573,0.038817,0.038817,0.038817
7.840000,3.638988,0.930995,0.630995,2.330995,0.089770,0.038473,0.038473,0.038473
7.880000,3.642563,0.932527,0.632527,2.332527,0.088953,0.038123,0.038123,0.038123
7.920000,3.646104,0.934045,0.634045,2.334045,0.088122,0.037767,0.037767,0.037767
7.960000,3.649612,0.935548,0.635548,2.335548,0.087277,0.037405,0.037405,0.037405
8.000000,3.653086,0.937037,0.637037,2.337037,0.086420,0.037037,0.037037,0.037037
8.040000,3.656526,0.938511,0.638511,2.338511,0.085549,0.036664,0.036664,0.036664
8.080000,3.659930,0.939970,0.639970,2.339970,0.084666,0.036285,0.036285,0.036285
8.120000,3.663299,0.941414,0.641414,2.341414,0.083770,0.035901,0.035901,0.035901
8.160000,3.666632,0.942842,0.642842,2.342842,0.082862,0.035512,0.035512,0.035512
8.200000,3.669928,0.944255,0.644255,2.344255,0.081942,0.035118,0.035118,0.035118
8.240000,3.673187,0.945652,0.645652,2.345652,0.081011,0.034719,0.034719,0.034719
8.280000,3.676408,0.947032,0.647032,2.347032,0.080068,0.034315,0.034315,0.034315
8.320000,3.679592,0.948397,0.648397,2.348397,0.079114,0.033906,0.033906,0.033906
8.360000,3.682737,0.949745,0.649745,2.349745,0.078150,0.033493,0.033493,0.033493
8.400000,3.685844,0.951076,0.651076,2.351076,0.077175,0.033075,0.033075,0.033075
8.440000,3.688911,0.952391,0.652391,2.352391,0.076190,0.032653,0.032653,0.032653
8.480000,3.691939,0.953688,0.653688,2.353688,0.075195,0.032227,0.032227,0.032227
8.520000,3.694927,0.954969,0.654969,2.354969,0.074191,0.031796,0.031796,0.031796
8.560000,3.697874,0.956232,0.656232,2.356232,0.073177,0.031362,0.031362,0.031362
8.600000,3.700781,0.957478,0.657478,2.357478,0.072155,0.030924,0.030924,0.030924
8.640000,3.703647,0.958706,0.658706,2.358706,0.071124,0.030482,0.030482,0.030482
8.680000,3.706471,0.959916,0.659916,2.359916,0.070086,0.030037,0.030037,0.030037
8.720000,3.709253,0.961109,0.661109,2.361109,0.069039,0.029588,0.029588,0.029588
8.760000,3.711994,0.962283,0.662283,2.362283,0.067985,0.029136,0.029136,0.029136
8.800000,3.714692,0.963439,0.663439,2.363439,0.066923,0.028681,0.028681,0.028681
8.840000,3.717348,0.964578,0.664578,2.364578,0.065855,0.028224,0.028224,0.028224
8.880000,3.719960,0.965697,0.665697,2.365697,0.064781,0.027763,0.027763,0.027763
8.920000,3.722530,0.966799,0.666799,2.366799,0.063701,0.027300,0.027300,0.027300
8.960000,3.725056,0.967881,0.667881,2.367881,0.062615,0.026835,0.026835,0.026835
9.000000,3.727539,0.968945,0.668945,2.368945,0.061523,0.026367,0.026367,0.026367
9.040000,3.729978,0.969991,0.669991,2.369991,0.060427,0.025897,0.025897,0.025897
9.080000,3.732373,0.971017,0.671017,2.371017,0.059327,0.025426,0.025426,0.025426
9.120000,3.734724,0.972025,0.672025,2.372025,0.058222,0.024952,0.024952,0.024952
9.160000,3.737031,0.973013,0.673013,2.373013,0.057114,0.024477,0.024477,0.024477
9.200000,3.739293,0.973983,0.673983,2.373983,0.056002,0.024001,0.024001,0.024001
9.240000,3.741511,0.974933,0.674933,2.374933,0.054888,0.023523,0.023523,0.023523
9.280000,3.743684,0.975865,0.675865,2.375865,0.053771,0.023045,0.023045,0.023045
9.320000,3.745813,0.976777,0.676777,2.376777,0.052652,0.022565,0.022565,0.022565
9.360000,3.747896,0.977670,0.677670,2.377670,0.051531,0.022085,0.022085,0.022085
9.400000,3.749935,0.978544,0.678544,2.378544,0.050410,0.021604,0.021604,0.021604
9.440000,3.751929,0.979398,0.679398,2.379398,0.049288,0.021123,0.021123,0.021123
9.480000,3.753878,0.980234,0.680234,2.380234,0.048165,0.020642,0.020642,0.020642
9.520000,3.755782,0.981050,0.681050,2.381050,0.047042,0.020161,0.020161,0.020161
9.560000,3.757642,0.981846,0.681846,2.381846,0.045921,0.019680,0.019680,0.019680
9.600000,3.759456,0.982624,0.682624,2.382624,0.044800,0.019200,0.019200,0.019200
9.640000,3.761226,0.983382,0.683382,2.383382,0.043681,0.018720,0.018720,0.018720
9.680000,3.762950,0.984122,0.684122,2.384122,0.042564,0.018242,0.018242,0.018242
9.720000,3.764631,0.984842,0.684842,2.384842,0.041449,0.017764,0.017764,0.017764
9.760000,3.766266,0.985543,0.685543,2.385543,0.040337,0.017287,0.017287,0.017287
9.800000,3.767858,0.986225,0.686225,2.386225,0.039229,0.016813,0.016813,0.016813
9.840000,3.769405,0.986888,0.686888,2.386888,0.038125,0.016339,0.016339,0.016339
9.880000,3.770908,0.987532,0.687532,2.387532,0.037025,0.015868,0.015868,0.015868
9.920000,3.772367,0.988157,0.688157,2.388157,0.035930,0.015399,0.015399,0.015399
9.960000,3.773782,0.988764,0.688764,2.388764,0.034841,0.014932,0.014932,0.014932
10.000000,3.775154,0.989352,0.689352,2.389352,0.033758,0.014468,0.014468,0.014468
10.040000,3.776483,0.989921,0.689921,2.389921,0.032681,0.014006,0.014006,0.014006
10.080000,3.777769,0.990472,0.690472,2.390472,0.031611,0.013548,0.013548,0.013548
10.120000,3.779012,0.991005,0.691005,2.391005,0.030548,0.013092,0.013092,0.013092
10.160000,3.780213,0.991520,0.691520,2.391520,0.029494,0.012640,0.012640,0.012640
10.200000,3.781372,0.992016,0.692016,2.392016,0.028448,0.012192,0.012192,0.012192
10.240000,3.782489,0.992495,0.692495,2.392495,0.027412,0.011748,0.011748,0.011748
10.280000,3.783565,0.992956,0.692956,2.392956,0.026385,0.011308,0.011308,0.011308
10.320000,3.784600,0.993400,0.693400,2.393400,0.025368,0.010872,0.010872,0.010872
10.360000,3.785594,0.993826,0.693826,2.393826,0.024362,0.010441,0.010441,0.010441
10.400000,3.786549,0.994235,0.694235,2.394235,0.023368,0.010015,0.010015,0.010015
10.440000,3.787464,0.994627,0.694627,2.394627,0.022385,0.009594,0.009594,0.009594
10.480000,3.788340,0.995003,0.695003,2.395003,0.021415,0.009178,0.009178,0.009178
10.520000,3.789177,0.995362,0.695362,2.395362,0.020458,0.008768,0.008768,0.008768
10.560000,3.789977,0.995704,0.695704,2.395704,0.019515,0.008364,0.008364,0.008364
10.600000,3.790739,0.996031,0.696031,2.396031,0.018586,0.007965,0.007965,0.007965
10.640000,3.791464,0.996342,0.696342,2.396342,0.017672,0.007574,0.007574,0.007574
10.680000,3.792153,0.996637,0.696637,2.396637,0.016773,0.007188,0.007188,0.007188
10.720000,3.792806,0.996917,0.696917,2.396917,0.015890,0.006810,0.006810,0.006810
10.760000,3.793424,0.997182,0.697182,2.397182,0.015024,0.006439,0.006439,0.006439
10.800000,3.794008,0.997432,0.697432,2.397432,0.014175,0.006075,0.006075,0.006075
10.840000,3.794558,0.997668,0.697668,2.397668,0.013344,0.005719,0.005719,0.005719
10.880000,3.795076,0.997890,0.697890,2.397890,0.012532,0.005371,0.005371,0.005371
10.920000,3.795561,0.998098,0.698098,2.398098,0.011738,0.005031,0.005031,0.005031
10.960000,3.796015,0.998292,0.698292,2.398292,0.010965,0.004699,0.004699,0.004699
11.000000,3.796439,0.998474,0.698474,2.398474,0.010212,0.004376,0.004376,0.004376
11.040000,3.796832,0.998642,0.698642,2.398642,0.009480,0.004063,0.004063,0.004063
11.080000,3.797197,0.998799,0.698799,2.398799,0.008769,0.003758,0.003758,0.003758
11.120000,3.797534,0.998943,0.698943,2.398943,0.008081,0.003463,0.003463,0.003463
11.160000,3.797844,0.999076,0.699076,2.399076,0.007417,0.003179,0.003179,0.003179
11.200000,3.798128,0.999198,0.699198,2.399198,0.006775,0.002904,0.002904,0.002904
11.240000,3.798386,0.999308,0.699308,2.399308,0.006158,0.002639,0.002639,0.002639
11.280000,3.798621,0.999409,0.699409,2.399409,0.005567,0.002386,0.002386,0.002386
11.320000,3.798832,0.999499,0.699499,2.399499,0.005001,0.002143,0.002143,0.002143
11.360000,3.799021,0.999581,0.699581,2.399581,0.004461,0.001912,0.001912,0.001912
11.400000,3.799189,0.999653,0.699653,2.399653,0.003948,0.001692,0.001692,0.001692
11.440000,3.799337,0.999716,0.699716,2.399716,0.003464,0.001484,0.001484,0.001484
11.480000,3.799467,0.999771,0.699771,2.399771,0.003007,0.001289,0.001289,0.001289
11.520000,3.799578,0.999819,0.699819,2.399819,0.002580,0.001106,0.001106,0.001106
11.560000,3.799674,0.999860,0.699860,2.399860,0.002183,0.000936,0.000936,0.000936
11.600000,3.799754,0.999894,0.699894,2.399894,0.001817,0.000779,0.000779,0.000779
11.640000,3.799819,0.999923,0.699923,2.399923,0.001482,0.000635,0.000635,0.000635
11.680000,3.799873,0.999945,0.699945,2.399945,0.001179,0.000505,0.000505,0.000505
11.720000,3.799914,0.999963,0.699963,2.399963,0.000909,0.000390,0.000390,0.000390
11.760000,3.799946,0.999977,0.699977,2.399977,0.000672,0.000288,0.000288,0.000288
11.800000,3.799968,0.999986,0.699986,2.399986,0.000470,0.000201,0.000201,0.000201
11.840000,3.799984,0.999993,0.699993,2.399993,0.000303,0.000130,0.000130,0.000130
11.880000,3.799993,0.999997,0.699997,2.399997,0.000172,0.000074,0.000074,0.000074
11.920000,3.799998,0.999999,0.699999,2.399999,0.000077,0.000033,0.000033,0.000033
11.960000,3.800000,1.000000,0.700000,2.400000,0.000019,0.000008,0.000008,0.000008
